﻿<?xml version="1.0" encoding="utf-8"?>
<DFA xmlns:xsi="http://www.w3.org/2001/XMLSchema-instance" xmlns:xsd="http://www.w3.org/2001/XMLSchema">
  <Alphabet>
    <AlphabetItem Symbol="LETTER">
      <Letters>
        <Letter Char="a" />
        <Letter Char="b" />
        <Letter Char="c" />
        <Letter Char="d" />
        <Letter Char="e" />
        <Letter Char="f" />
        <Letter Char="g" />
        <Letter Char="h" />
        <Letter Char="i" />
        <Letter Char="j" />
        <Letter Char="k" />
        <Letter Char="l" />
        <Letter Char="m" />
        <Letter Char="n" />
        <Letter Char="o" />
        <Letter Char="p" />
        <Letter Char="q" />
        <Letter Char="r" />
        <Letter Char="s" />
        <Letter Char="t" />
        <Letter Char="u" />
        <Letter Char="v" />
        <Letter Char="w" />
        <Letter Char="x" />
        <Letter Char="y" />
        <Letter Char="z" />
        <Letter Char="A" />
        <Letter Char="B" />
        <Letter Char="C" />
        <Letter Char="D" />
        <Letter Char="E" />
        <Letter Char="F" />
        <Letter Char="G" />
        <Letter Char="H" />
        <Letter Char="I" />
        <Letter Char="J" />
        <Letter Char="K" />
        <Letter Char="L" />
        <Letter Char="M" />
        <Letter Char="N" />
        <Letter Char="O" />
        <Letter Char="P" />
        <Letter Char="Q" />
        <Letter Char="R" />
        <Letter Char="S" />
        <Letter Char="T" />
        <Letter Char="U" />
        <Letter Char="V" />
        <Letter Char="W" />
        <Letter Char="X" />
        <Letter Char="Y" />
        <Letter Char="Z" />
      </Letters>
    </AlphabetItem>
    <AlphabetItem Symbol="ZERO">
      <Letters>
        <Letter Char="0" />
      </Letters>
    </AlphabetItem>
    <AlphabetItem Symbol="NONZERO">
      <Letters>
        <Letter Char="1" />
        <Letter Char="2" />
        <Letter Char="3" />
        <Letter Char="4" />
        <Letter Char="5" />
        <Letter Char="6" />
        <Letter Char="7" />
        <Letter Char="8" />
        <Letter Char="9" />
      </Letters>
    </AlphabetItem>

    <AlphabetItem Symbol="COLON">
      <Letters>
        <Letter Char=":" />
      </Letters>
    </AlphabetItem>
    <AlphabetItem Symbol="SEMICOLON">
      <Letters>
        <Letter Char=";" />
      </Letters>
    </AlphabetItem>
    <AlphabetItem Symbol="COMMA">
      <Letters>
        <Letter Char="," />
      </Letters>
    </AlphabetItem>
    <AlphabetItem Symbol="PERIOD">
      <Letters>
        <Letter Char="." />
      </Letters>
    </AlphabetItem>
    <AlphabetItem Symbol="OPENBRACE">
      <Letters>
        <Letter Char="(" />
      </Letters>
    </AlphabetItem>
    <AlphabetItem Symbol="CLOSEBRACE">
      <Letters>
        <Letter Char=")" />
      </Letters>
    </AlphabetItem>
    <AlphabetItem Symbol="OPENCURLYBRACE">
      <Letters>
        <Letter Char="{" />
      </Letters>
    </AlphabetItem>
    <AlphabetItem Symbol="CLOSECURLYBRACE">
      <Letters>
        <Letter Char="}" />
      </Letters>
    </AlphabetItem>
    <AlphabetItem Symbol="OPENSQUAREBRACE">
      <Letters>
        <Letter Char="[" />
      </Letters>
    </AlphabetItem>
    <AlphabetItem Symbol="CLOSESQUAREBRACE">
      <Letters>
        <Letter Char="]" />
      </Letters>
    </AlphabetItem>
    <AlphabetItem Symbol="PLUS">
      <Letters>
        <Letter Char="+" />
      </Letters>
    </AlphabetItem>
    <AlphabetItem Symbol="MINUS">
      <Letters>
        <Letter Char="-" />
      </Letters>
    </AlphabetItem>
    <AlphabetItem Symbol="ASTERIX">
      <Letters>
        <Letter Char="*" />
      </Letters>
    </AlphabetItem>
    <AlphabetItem Symbol="FORWARDSLASH">
      <Letters>
        <Letter Char="/" />
      </Letters>
    </AlphabetItem>
    <AlphabetItem Symbol="EQUAL">
      <Letters>
        <Letter Char="=" />
      </Letters>
    </AlphabetItem>
    <AlphabetItem Symbol="GREATER">
      <Letters>
        <Letter Char="&gt;" />
      </Letters>
    </AlphabetItem>
    <AlphabetItem Symbol="LESSER">
      <Letters>
        <Letter Char="&lt;" />
      </Letters>
    </AlphabetItem>
    <AlphabetItem Symbol="UNDERSCORE">
      <Letters>
        <Letter Char="_" />
      </Letters>
    </AlphabetItem>
    <AlphabetItem Symbol="NEWLINE">
      <Letters>
        <Letter Char="&#10;" />
      </Letters>
    </AlphabetItem>

    <AlphabetItem Symbol="TAB">
      <Letters>
        <Letter Char="&#x9;" />
      </Letters>
    </AlphabetItem>
    <AlphabetItem Symbol="CR">
      <Letters>
        <Letter Char="&#xD;" />
      </Letters>
    </AlphabetItem>
    <AlphabetItem Symbol="SPACE">
      <Letters>
        <Letter Char="&#x20;" />
      </Letters>
    </AlphabetItem>
    
    <AlphabetItem Symbol="EOF">
      <Letters>
        <Letter Char="~" />
      </Letters>
    </AlphabetItem>
  </Alphabet>

  <Keywords>
    <Keyword Identifier="if"       Token="If"/>
    <Keyword Identifier="then"     Token="Then"/>
    <Keyword Identifier="else"     Token="Else"/>
    <Keyword Identifier="while"    Token="While"/>
    <Keyword Identifier="class"    Token="Class"/>
    <Keyword Identifier="integer"  Token="Integer"/>
    <Keyword Identifier="float"    Token="Float"/>
    <Keyword Identifier="do"       Token="Do"/>
    <Keyword Identifier="end"      Token="End"/>
    <Keyword Identifier="public"   Token="Public"/>
    <Keyword Identifier="private"  Token="Private"/>
    <Keyword Identifier="or"       Token="Or"/>
    <Keyword Identifier="and"      Token="And"/>
    <Keyword Identifier="not"      Token="Not"/>
    <Keyword Identifier="read"     Token="Read"/>
    <Keyword Identifier="write"    Token="Write"/>
    <Keyword Identifier="return"  Token="Return"/>
    <Keyword Identifier="main"     Token="Main"/>
    <Keyword Identifier="inherits" Token="Inherits"/>
    <Keyword Identifier="local"    Token="Local"/>
  </Keywords>
  
  <StateList StartStateID="1">
    <States>
      <State ID="0"  Type="Error" />
      <State ID="1"  Type="Intermediate" /> 
      <State ID="2"  Type="OpenBrace"/>
      <State ID="3"  Type="CloseBrace"/>
      <State ID="4"  Type="OpenCurlyBrace"/>
      <State ID="5"  Type="CloseCurlyBrace"/>
      <State ID="6"  Type="OpenSquareBrace"/>
      <State ID="7"  Type="CloseSquareBrace"/>
      <State ID="8"  Type="SemiColon"/>
      <State ID="9"  Type="Comma"/>
      <State ID="10" Type="Asterix"/>
      <State ID="11" Type="Plus"/>
      <State ID="12" Type="Minus"/>
      <State ID="13" Type="Period"/>

      <State ID="14" Type="Intermediate"/>
      <State ID="15" Type="EqualEqual"/>
      <State ID="16" Type="Equal" IsBacktrackState="true"/>

      <State ID="17" Type="Intermediate"/>
      <State ID="18" Type="GreaterEqual"/>
      <State ID="19" Type="Greater" IsBacktrackState="true"/>

      <State ID="20" Type="Intermediate"/>
      <State ID="21" Type="LesserEqual"/>
      <State ID="22" Type="LesserGreater"/>
      <State ID="23" Type="Lesser" IsBacktrackState="true"/>

      <State ID="24" Type="Intermediate"/>
      <State ID="25" Type="ColonColon"/>
      <State ID="26" Type="Colon" IsBacktrackState="true"/>

      <State ID="27" Type="Intermediate" ErrorType="InvalidComment"/>
      <State ID="28" Type="FwdSlash"/>
      <State ID="29" Type="Intermediate" ErrorType="InvalidComment"/>
      <State ID="30" Type="Comment"/>
      <State ID="31" Type="Intermediate" ErrorType="InvalidComment"/>
      <State ID="32" Type="Intermediate" ErrorType="InvalidComment"/>
      <State ID="33" Type="BlockComment"/>

      <State ID="34" Type="Intermediate" ErrorType="InvalidIntNum"/>
      <State ID="35" Type="Intermediate" ErrorType="InvalidIntNum"/>
      <State ID="36" Type="Integer" IsBacktrackState="true"/>

      <State ID="37" Type="Intermediate" ErrorType="InvalidFloatNum"/>
      <State ID="38" Type="Intermediate" ErrorType="InvalidFloatNum"/>
      <State ID="39" Type="Intermediate" ErrorType="InvalidFloatNum"/>
      <State ID="40" Type="Float" IsBacktrackState="true"/>
      <State ID="41" Type="Intermediate" ErrorType="InvalidFloatNum"/>
      <State ID="42" Type="Intermediate" ErrorType="InvalidFloatNum"/>
      <State ID="43" Type="Intermediate" ErrorType="InvalidFloatNum"/>
      <State ID="44" Type="Intermediate" ErrorType="InvalidFloatNum"/>

      <State ID="45" Type="Intermediate" ErrorType="InvalidIdentifier"/>
      <State ID="46" Type="Intermediate" ErrorType="InvalidIdentifier"/>
      <State ID="47" Type="Identifier" IsBacktrackState="true"/>
    </States>
  </StateList>

  <Transitions>

    <!-- Whitespace -->
    <Transition SourceID="1" DestinationID="1">
      <Symbols>
        <Symbol>NEWLINE</Symbol>
        <Symbol>TAB</Symbol>
        <Symbol>CR</Symbol>
        <Symbol>SPACE</Symbol>
      </Symbols>
    </Transition>

    <!-- Basic Characters -->
    <Transition SourceID="1" DestinationID="2">
      <Symbols>
        <Symbol>OPENBRACE</Symbol>
      </Symbols>
    </Transition>
    <Transition SourceID="1" DestinationID="3">
      <Symbols>
        <Symbol>CLOSEBRACE</Symbol>
      </Symbols>
    </Transition>
    <Transition SourceID="1" DestinationID="4">
      <Symbols>
        <Symbol>OPENCURLYBRACE</Symbol>
      </Symbols>
    </Transition>
    <Transition SourceID="1" DestinationID="5">
      <Symbols>
        <Symbol>CLOSECURLYBRACE</Symbol>
      </Symbols>
    </Transition>
    <Transition SourceID="1" DestinationID="6">
      <Symbols>
        <Symbol>OPENSQUAREBRACE</Symbol>
      </Symbols>
    </Transition>
    <Transition SourceID="1" DestinationID="7">
      <Symbols>
        <Symbol>CLOSESQUAREBRACE</Symbol>
      </Symbols>
    </Transition>
    <Transition SourceID="1" DestinationID="8">
      <Symbols>
        <Symbol>SEMICOLON</Symbol>
      </Symbols>
    </Transition>
    <Transition SourceID="1" DestinationID="9">
      <Symbols>
        <Symbol>COMMA</Symbol>
      </Symbols>
    </Transition>
    <Transition SourceID="1" DestinationID="10">
      <Symbols>
        <Symbol>ASTERIX</Symbol>
      </Symbols>
    </Transition>
    <Transition SourceID="1" DestinationID="11">
      <Symbols>
        <Symbol>PLUS</Symbol>
      </Symbols>
    </Transition>
    <Transition SourceID="1" DestinationID="12">
      <Symbols>
        <Symbol>MINUS</Symbol>
      </Symbols>
    </Transition>
    <Transition SourceID="1" DestinationID="13">
      <Symbols>
        <Symbol>PERIOD</Symbol>
      </Symbols>
    </Transition>

    <!-- =/== -->
    <Transition SourceID="1" DestinationID="14">
      <Symbols>
        <Symbol>EQUAL</Symbol>
      </Symbols>
    </Transition>
    <Transition SourceID="14" DestinationID="15">
      <Symbols>
        <Symbol>EQUAL</Symbol>
      </Symbols>
    </Transition>
    <Transition SourceID="14" DestinationID="16">
      <Symbols>
        <Symbol>EVERYTHING</Symbol>
      </Symbols>
      <Except>
        <Letter Char="=" />
      </Except>
    </Transition>

    <!-- >/>= -->
    <Transition SourceID="1" DestinationID="17">
      <Symbols>
        <Symbol>GREATER</Symbol>
      </Symbols>
    </Transition>
    <Transition SourceID="17" DestinationID="18">
      <Symbols>
        <Symbol>EQUAL</Symbol>
      </Symbols>
    </Transition>
    <Transition SourceID="17" DestinationID="19">
      <Symbols>
        <Symbol>EVERYTHING</Symbol>
      </Symbols>
      <Except>
        <Letter Char="=" />
      </Except>
    </Transition>

    <!-- </<=/<> -->
    <Transition SourceID="1" DestinationID="20">
      <Symbols>
        <Symbol>LESSER</Symbol>
      </Symbols>
    </Transition>
    <Transition SourceID="20" DestinationID="21">
      <Symbols>
        <Symbol>EQUAL</Symbol>
      </Symbols>
    </Transition>
    <Transition SourceID="20" DestinationID="22">
      <Symbols>
        <Symbol>GREATER</Symbol>
      </Symbols>
    </Transition>
    <Transition SourceID="20" DestinationID="23">
      <Symbols>
        <Symbol>EVERYTHING</Symbol>
      </Symbols>
      <Except>
        <Letter Char="=" />
        <Letter Char=">" />
      </Except>
    </Transition>

    <!-- :/:: -->
    <Transition SourceID="1" DestinationID="24">
      <Symbols>
        <Symbol>COLON</Symbol>
      </Symbols>
    </Transition>
    <Transition SourceID="24" DestinationID="25">
      <Symbols>
        <Symbol>COLON</Symbol>
      </Symbols>
    </Transition>
    <Transition SourceID="24" DestinationID="26">
      <Symbols>
        <Symbol>EVERYTHING</Symbol>
      </Symbols>
      <Except>
        <Letter Char=":" />
      </Except>
    </Transition>

    <!-- Comments -->
    <Transition SourceID="1" DestinationID="27">
      <Symbols>
        <Symbol>FORWARDSLASH</Symbol>
      </Symbols>
    </Transition>
    <Transition SourceID="27" DestinationID="28">
      <Symbols>
        <Symbol>EVERYTHING</Symbol>
      </Symbols>
      <Except>
        <Letter Char="/" />
        <Letter Char="*" />
      </Except>
    </Transition>
    <Transition SourceID="27" DestinationID="29">
      <Symbols>
        <Symbol>FORWARDSLASH</Symbol>
      </Symbols>
    </Transition>
    <Transition SourceID="29" DestinationID="29">
      <Symbols>
        <Symbol>EVERYTHING</Symbol>
      </Symbols>
      <Except>
        <Letter Char="&#10;" /> <!-- Newline -->
        <Letter Char="~" /> <!-- EOF as expressed by ~ cuz xml doesnt allow null character -->
      </Except>
    </Transition>
    <Transition SourceID="29" DestinationID="30">
      <Symbols>
        <Symbol>NEWLINE</Symbol>
        <Symbol>EOF</Symbol>
      </Symbols>
    </Transition>
    <Transition SourceID="27" DestinationID="31">
      <Symbols>
        <Symbol>ASTERIX</Symbol>
      </Symbols>
    </Transition>
    <Transition SourceID="31" DestinationID="31">
      <Symbols>
        <Symbol>EVERYTHING</Symbol>
      </Symbols>
      <Except>
        <Letter Char="*" />
        <Letter Char="~" />
      </Except>
    </Transition>
    <Transition SourceID="31" DestinationID="32">
      <Symbols>
        <Symbol>ASTERIX</Symbol>
      </Symbols>
    </Transition>
    <Transition SourceID="32" DestinationID="31">
      <Symbols>
        <Symbol>EVERYTHING</Symbol>
      </Symbols>
      <Except>
        <Letter Char="/" />
        <Letter Char="~" />
      </Except>
    </Transition>
    <Transition SourceID="32" DestinationID="33">
      <Symbols>
        <Symbol>FORWARDSLASH</Symbol>
      </Symbols>
    </Transition>

    <!-- Integer -->
    <Transition SourceID="1" DestinationID="34">
      <Symbols>
        <Symbol>ZERO</Symbol>
      </Symbols>
    </Transition>
    <Transition SourceID="1" DestinationID="35">
      <Symbols>
        <Symbol>NONZERO</Symbol>
      </Symbols>
    </Transition>
    <Transition SourceID="34" DestinationID="36">
      <Symbols>
        <Symbol>EVERYTHING</Symbol>
      </Symbols>
      <Except>
        <Letter Char="."/>
        <Letter Char="0"/>
        <Letter Char="1"/>
        <Letter Char="2"/>
        <Letter Char="3"/>
        <Letter Char="4"/>
        <Letter Char="5"/>
        <Letter Char="6"/>
        <Letter Char="7"/>
        <Letter Char="8"/>
        <Letter Char="9"/>
      </Except>
    </Transition>
    <Transition SourceID="35" DestinationID="36">
      <Symbols>
        <Symbol>EVERYTHING</Symbol>
      </Symbols>
      <Except>
        <Letter Char="."/>
        <Letter Char="0"/>
        <Letter Char="1"/>
        <Letter Char="2"/>
        <Letter Char="3"/>
        <Letter Char="4"/>
        <Letter Char="5"/>
        <Letter Char="6"/>
        <Letter Char="7"/>
        <Letter Char="8"/>
        <Letter Char="9"/>
      </Except>
    </Transition>

    <!-- Int to Float -->
    <Transition SourceID="34" DestinationID="37">
      <Symbols>
        <Symbol>PERIOD</Symbol>
      </Symbols>
    </Transition>
    <Transition SourceID="35" DestinationID="37">
      <Symbols>
        <Symbol>PERIOD</Symbol>
      </Symbols>
    </Transition>
    
    <!-- Float -->
    <Transition SourceID="37" DestinationID="38">
      <Symbols>
        <Symbol>ZERO</Symbol>
      </Symbols>
    </Transition>
    <Transition SourceID="38" DestinationID="39">
      <Symbols>
        <Symbol>ZERO</Symbol>
        <Symbol>NONZERO</Symbol>
      </Symbols>
    </Transition>
    <Transition SourceID="37" DestinationID="39">
      <Symbols>
        <Symbol>NONZERO</Symbol>
      </Symbols>
    </Transition>
    <Transition SourceID="39" DestinationID="39">
      <Symbols>
        <Symbol>NONZERO</Symbol>
      </Symbols>
    </Transition>
    <Transition SourceID="38" DestinationID="40">
      <Symbols>
        <Symbol>EVERYTHING</Symbol>
      </Symbols>
      <Except>
        <Letter Char="0"/>
        <Letter Char="1"/>
        <Letter Char="2"/>
        <Letter Char="3"/>
        <Letter Char="4"/>
        <Letter Char="5"/>
        <Letter Char="6"/>
        <Letter Char="7"/>
        <Letter Char="8"/>
        <Letter Char="9"/>
      </Except>
    </Transition>
    <Transition SourceID="39" DestinationID="40">
      <Symbols>
        <Symbol>EVERYTHING</Symbol>
      </Symbols>
      <Except>
        <Letter Char="e"/>
        <Letter Char="0"/>
        <Letter Char="1"/>
        <Letter Char="2"/>
        <Letter Char="3"/>
        <Letter Char="4"/>
        <Letter Char="5"/>
        <Letter Char="6"/>
        <Letter Char="7"/>
        <Letter Char="8"/>
        <Letter Char="9"/>
      </Except>
    </Transition>
    <Transition SourceID="39" DestinationID="41">
      <Symbols>
        <Symbol>ZERO</Symbol>
      </Symbols>
    </Transition>
    <Transition SourceID="41" DestinationID="39">
      <Symbols>
        <Symbol>NONZERO</Symbol>
      </Symbols>
    </Transition>
    <Transition SourceID="41" DestinationID="41">
      <Symbols>
        <Symbol>ZERO</Symbol>
      </Symbols>
    </Transition>
    <Transition SourceID="39" DestinationID="42">
      <Symbols>
        <Symbol>LETTER</Symbol>
      </Symbols>
      <Except>
        <Letter Char="a" />
        <Letter Char="b" />
        <Letter Char="c" />
        <Letter Char="d" />
        <!--<Letter Char="e" /> Yea this idea kinda sucks for this case.... oops-->
        <Letter Char="f" />
        <Letter Char="g" />
        <Letter Char="h" />
        <Letter Char="i" />
        <Letter Char="j" />
        <Letter Char="k" />
        <Letter Char="l" />
        <Letter Char="m" />
        <Letter Char="n" />
        <Letter Char="o" />
        <Letter Char="p" />
        <Letter Char="q" />
        <Letter Char="r" />
        <Letter Char="s" />
        <Letter Char="t" />
        <Letter Char="u" />
        <Letter Char="v" />
        <Letter Char="w" />
        <Letter Char="x" />
        <Letter Char="y" />
        <Letter Char="z" />
        <Letter Char="A" />
        <Letter Char="B" />
        <Letter Char="C" />
        <Letter Char="D" />
        <Letter Char="E" />
        <Letter Char="F" />
        <Letter Char="G" />
        <Letter Char="H" />
        <Letter Char="I" />
        <Letter Char="J" />
        <Letter Char="K" />
        <Letter Char="L" />
        <Letter Char="M" />
        <Letter Char="N" />
        <Letter Char="O" />
        <Letter Char="P" />
        <Letter Char="Q" />
        <Letter Char="R" />
        <Letter Char="S" />
        <Letter Char="T" />
        <Letter Char="U" />
        <Letter Char="V" />
        <Letter Char="W" />
        <Letter Char="X" />
        <Letter Char="Y" />
        <Letter Char="Z" />
      </Except>
    </Transition>
    <Transition SourceID="42" DestinationID="43">
      <Symbols>
        <Symbol>PLUS</Symbol>
        <Symbol>MINUS</Symbol>
      </Symbols>
    </Transition>
    <Transition SourceID="42" DestinationID="44">
      <Symbols>
        <Symbol>NONZERO</Symbol>
      </Symbols>
    </Transition>
    <Transition SourceID="43" DestinationID="44">
      <Symbols>
        <Symbol>NONZERO</Symbol>
      </Symbols>
    </Transition>
    <Transition SourceID="44" DestinationID="44">
      <Symbols>
        <Symbol>ZERO</Symbol>
        <Symbol>NONZERO</Symbol>
      </Symbols>
    </Transition>
    <Transition SourceID="42" DestinationID="40">
      <Symbols>
        <Symbol>ZERO</Symbol>
      </Symbols>
    </Transition>
    <Transition SourceID="43" DestinationID="40">
      <Symbols>
        <Symbol>ZERO</Symbol>
      </Symbols>
    </Transition>
    <Transition SourceID="44" DestinationID="40">
      <Symbols>
        <Symbol>EVERYTHING</Symbol>
      </Symbols>
      <Except>
        <Letter Char="0"/>
        <Letter Char="1"/>
        <Letter Char="2"/>
        <Letter Char="3"/>
        <Letter Char="4"/>
        <Letter Char="5"/>
        <Letter Char="6"/>
        <Letter Char="7"/>
        <Letter Char="8"/>
        <Letter Char="9"/>
      </Except>
    </Transition>
    
    <!-- Identifier -->
    <Transition SourceID="1" DestinationID="45">
      <Symbols>
        <Symbol>LETTER</Symbol>
      </Symbols>
    </Transition>
    <Transition SourceID="45" DestinationID="46">
      <Symbols>
        <Symbol>LETTER</Symbol>
        <Symbol>ZERO</Symbol>
        <Symbol>NONZERO</Symbol>
        <Symbol>UNDERSCORE</Symbol>
      </Symbols>
    </Transition>
    <Transition SourceID="46" DestinationID="46">
      <Symbols>
        <Symbol>LETTER</Symbol>
        <Symbol>ZERO</Symbol>
        <Symbol>NONZERO</Symbol>
        <Symbol>UNDERSCORE</Symbol>
      </Symbols>
    </Transition>
    <Transition SourceID="45" DestinationID="47">
      <Symbols>
        <Symbol>EVERYTHING</Symbol>
      </Symbols>
      <Except>
        <Letter Char="_"/>
        <Letter Char="0"/>
        <Letter Char="1"/>
        <Letter Char="2"/>
        <Letter Char="3"/>
        <Letter Char="4"/>
        <Letter Char="5"/>
        <Letter Char="6"/>
        <Letter Char="7"/>
        <Letter Char="8"/>
        <Letter Char="9"/>
        <Letter Char="a" />
        <Letter Char="b" />
        <Letter Char="c" />
        <Letter Char="d" />
        <Letter Char="e" />
        <Letter Char="f" />
        <Letter Char="g" />
        <Letter Char="h" />
        <Letter Char="i" />
        <Letter Char="j" />
        <Letter Char="k" />
        <Letter Char="l" />
        <Letter Char="m" />
        <Letter Char="n" />
        <Letter Char="o" />
        <Letter Char="p" />
        <Letter Char="q" />
        <Letter Char="r" />
        <Letter Char="s" />
        <Letter Char="t" />
        <Letter Char="u" />
        <Letter Char="v" />
        <Letter Char="w" />
        <Letter Char="x" />
        <Letter Char="y" />
        <Letter Char="z" />
        <Letter Char="A" />
        <Letter Char="B" />
        <Letter Char="C" />
        <Letter Char="D" />
        <Letter Char="E" />
        <Letter Char="F" />
        <Letter Char="G" />
        <Letter Char="H" />
        <Letter Char="I" />
        <Letter Char="J" />
        <Letter Char="K" />
        <Letter Char="L" />
        <Letter Char="M" />
        <Letter Char="N" />
        <Letter Char="O" />
        <Letter Char="P" />
        <Letter Char="Q" />
        <Letter Char="R" />
        <Letter Char="S" />
        <Letter Char="T" />
        <Letter Char="U" />
        <Letter Char="V" />
        <Letter Char="W" />
        <Letter Char="X" />
        <Letter Char="Y" />
        <Letter Char="Z" />
      </Except>
    </Transition>
    <Transition SourceID="46" DestinationID="47">
      <Symbols>
        <Symbol>EVERYTHING</Symbol>
      </Symbols>
      <Except>
        <Letter Char="_"/>
        <Letter Char="0"/>
        <Letter Char="1"/>
        <Letter Char="2"/>
        <Letter Char="3"/>
        <Letter Char="4"/>
        <Letter Char="5"/>
        <Letter Char="6"/>
        <Letter Char="7"/>
        <Letter Char="8"/>
        <Letter Char="9"/>
        <Letter Char="a" />
        <Letter Char="b" />
        <Letter Char="c" />
        <Letter Char="d" />
        <Letter Char="e" />
        <Letter Char="f" />
        <Letter Char="g" />
        <Letter Char="h" />
        <Letter Char="i" />
        <Letter Char="j" />
        <Letter Char="k" />
        <Letter Char="l" />
        <Letter Char="m" />
        <Letter Char="n" />
        <Letter Char="o" />
        <Letter Char="p" />
        <Letter Char="q" />
        <Letter Char="r" />
        <Letter Char="s" />
        <Letter Char="t" />
        <Letter Char="u" />
        <Letter Char="v" />
        <Letter Char="w" />
        <Letter Char="x" />
        <Letter Char="y" />
        <Letter Char="z" />
        <Letter Char="A" />
        <Letter Char="B" />
        <Letter Char="C" />
        <Letter Char="D" />
        <Letter Char="E" />
        <Letter Char="F" />
        <Letter Char="G" />
        <Letter Char="H" />
        <Letter Char="I" />
        <Letter Char="J" />
        <Letter Char="K" />
        <Letter Char="L" />
        <Letter Char="M" />
        <Letter Char="N" />
        <Letter Char="O" />
        <Letter Char="P" />
        <Letter Char="Q" />
        <Letter Char="R" />
        <Letter Char="S" />
        <Letter Char="T" />
        <Letter Char="U" />
        <Letter Char="V" />
        <Letter Char="W" />
        <Letter Char="X" />
        <Letter Char="Y" />
        <Letter Char="Z" />
      </Except>
    </Transition>
  </Transitions>
</DFA>